School_ID,NAME_OF_SCHOOL,"Elementary, Middle, or High School",Street_Address,City,State,ZIP_Code,Phone_Number,Link,Network_Manager,Collaborative_Name,Adequate_Yearly_Progress_Made_,Track_Schedule,CPS_Performance_Policy_Status,CPS_Performance_Policy_Level,HEALTHY_SCHOOL_CERTIFIED,Safety_Icon,SAFETY_SCORE,Family_Involvement_Icon,Family_Involvement_Score,Environment_Icon,Environment_Score,Instruction_Icon,Instruction_Score,Leaders_Icon,Leaders_Score,Teachers_Icon,Teachers_Score,Parent_Engagement_Icon,Parent_Engagement_Score,Parent_Environment_Icon,Parent_Environment_Score,AVERAGE_STUDENT_ATTENDANCE,Rate_of_Misconducts__per_100_students_,Average_Teacher_Attendance,Individualized_Education_Program_Compliance_Rate,Pk_2_Literacy__,Pk_2_Math__,Gr3_5_Grade_Level_Math__,Gr3_5_Grade_Level_Read__,Gr3_5_Keep_Pace_Read__,Gr3_5_Keep_Pace_Math__,Gr6_8_Grade_Level_Math__,Gr6_8_Grade_Level_Read__,Gr6_8_Keep_Pace_Math_,Gr6_8_Keep_Pace_Read__,Gr_8_Explore_Math__,Gr_8_Explore_Read__,ISAT_Exceeding_Math__,ISAT_Exceeding_Reading__,ISAT_Value_Add_Math,ISAT_Value_Add_Read,ISAT_Value_Add_Color_Math,ISAT_Value_Add_Color_Read,Students_Taking__Algebra__,Students_Passing__Algebra__,9th Grade EXPLORE (2009),9th Grade EXPLORE (2010),10th Grade PLAN (2009),10th Grade PLAN (2010),Net_Change_EXPLORE_and_PLAN,11th Grade Average ACT (2011),Net_Change_PLAN_and_ACT,College_Eligibility__,Graduation_Rate__,College_Enrollment_Rate__,COLLEGE_ENROLLMENT,General_Services_Route,Freshman_on_Track_Rate__,X_COORDINATE,Y_COORDINATE,Latitude,Longitude,COMMUNITY_AREA_NUMBER,COMMUNITY_AREA_NAME,Ward,Police_District,Location
610038,Abraham Lincoln Elementary School,ES,615 W Kemper Pl,Chicago,IL,60614,(773) 534-5720,http://schoolreports.cps.edu/SchoolProgressReport_Eng/Spring2011Eng_610038.pdf,Fullerton Elementary Network,NORTH-NORTHWEST SIDE COLLABORATIVE,No,Standard,Not on Probation,Level 1,Yes,Very Strong,99,Very Strong,99,Strong,74,Strong,66,Weak,65,Strong,70,Strong,56,Average,47,96.00%,2.0,96.40%,95.80%,80.1,43.3,89.6,84.9,60.7,62.6,81.9,85.2,52,62.4,66.3,77.9,69.7,64.4,0.2,0.9,Yellow,Green,67.1,54.5,NDA,NDA,NDA,NDA,NDA,NDA,NDA,NDA,NDA,NDA,813,33,NDA,1171699.458,1915829.428,41.92449696,-87.64452163,7,LINCOLN PARK,43,18,"(41.92449696, -87.64452163)"
610281,Adam Clayton Powell Paideia Community Academy Elementary School,ES,7511 S South Shore Dr,Chicago,IL,60649,(773) 535-6650,http://schoolreports.cps.edu/SchoolProgressReport_Eng/Spring2011Eng_610281.pdf,Skyway Elementary Network,SOUTH SIDE COLLABORATIVE,No,Track_E,Not on Probation,Level 1,No,Average,54,Strong,66,Strong,74,Very Strong,84,Weak,63,Strong,76,Weak,46,Average,50,95.60%,15.7,95.30%,100.00%,62.4,51.7,21.9,15.1,29,42.8,38.5,27.4,44.8,42.7,14.1,34.4,16.8,16.5,0.7,1.4,Green,Green,17.2,27.3,NDA,NDA,NDA,NDA,NDA,NDA,NDA,NDA,NDA,NDA,521,46,NDA,1196129.985,1856209.466,41.76032435,-87.55673627,43,SOUTH SHORE,7,4,"(41.76032435, -87.55673627)"
610185,Adlai E Stevenson Elementary School,ES,8010 S Kostner Ave,Chicago,IL,60652,(773) 535-2280,http://schoolreports.cps.edu/SchoolProgressReport_Eng/Spring2011Eng_610185.pdf,Midway Elementary Network,SOUTHWEST SIDE COLLABORATIVE,No,Standard,Not on Probation,Level 2,No,Strong,61,NDA,NDA,Average,50,Weak,36,Weak,NDA,NDA,NDA,Average,47,Weak,41,95.70%,2.3,94.70%,98.30%,53.7,26.6,38.3,34.7,43.7,57.3,48.8,39.2,46.8,44,7.5,21.9,18.3,15.5,-0.9,-1.0,Red,Red,NDA,NDA,NDA,NDA,NDA,NDA,NDA,NDA,NDA,NDA,NDA,NDA,1324,44,NDA,1148427.165,1851012.215,41.74711093,-87.73170248,70,ASHBURN,13,8,"(41.74711093, -87.73170248)"
609993,Agustin Lara Elementary Academy,ES,4619 S Wolcott Ave,Chicago,IL,60609,(773) 535-4389,http://schoolreports.cps.edu/SchoolProgressReport_Eng/Spring2011Eng_609993.pdf,Pershing Elementary Network,SOUTHWEST SIDE COLLABORATIVE,No,Track_E,Not on Probation,Level 1,No,Average,56,Average,44,Average,45,Weak,37,Weak,65,Average,48,Average,53,Strong,58,95.50%,10.4,95.80%,100.00%,76.9,NDA,26,24.7,61.8,49.7,39.2,27.2,69.7,60.6,9.1,18.2,11.1,9.6,0.9,2.4,Green,Green,42.9,25,NDA,NDA,NDA,NDA,NDA,NDA,NDA,NDA,NDA,NDA,556,42,NDA,1164504.290,1873959.199,41.80975690,-87.67214460,61,NEW CITY,20,9,"(41.8097569, -87.6721446)"
610513,Air Force Academy High School,HS,3630 S Wells St,Chicago,IL,60609,(773) 535-1590,http://schoolreports.cps.edu/SchoolProgressReport_Eng/Spring2011Eng_610513.pdf,Southwest Side High School Network,SOUTHWEST SIDE COLLABORATIVE,NDA,Standard,Not on Probation,Not Enough Data,Yes,Average,49,Strong,60,Strong,60,Average,55,Weak,45,Average,54,Average,53,Average,49,93.30%,15.6,96.90%,100.00%,NDA,NDA,NDA,NDA,NDA,NDA,NDA,NDA,NDA,NDA,NDA,NDA,,,,,NDA,NDA,NDA,NDA,14.6,14.8,NDA,16,1.4,NDA,NDA,NDA,NDA,NDA,302,40,91.8,1175177.622,1880745.126,41.82814609,-87.63279369,34,ARMOUR SQUARE,11,9,"(41.82814609, -87.63279369)"
610212,Albany Park Multicultural Academy,MS,4929 N Sawyer Ave,Chicago,IL,60625,(773) 534-5108,http://schoolreports.cps.edu/SchoolProgressReport_Eng/Spring2011Eng_610212.pdf,O'Hare Elementary Network,NORTH-NORTHWEST SIDE COLLABORATIVE,Yes,Standard,Not on Probation,Level 1,No,Strong,66,Weak,37,Strong,66,Strong,71,Weak,43,Average,50,Weak,46,Average,51,97.00%,2.3,96.90%,100.00%,NDA,NDA,NDA,NDA,NDA,NDA,60.7,39.8,53.7,59.8,17.5,20.8,34.5,15.6,0.2,0.3,Yellow,Yellow,29.2,50,NDA,NDA,NDA,NDA,NDA,NDA,NDA,NDA,NDA,NDA,266,31,NDA,1153858.196,1932691.891,41.97114330,-87.70962725,14,ALBANY PARK,39,17,"(41.9711433, -87.70962725)"
609720,Albert G Lane Technical High School,HS,2501 W Addison St,Chicago,IL,60618,(773) 534-5400,http://schoolreports.cps.edu/SchoolProgressReport_Eng/Spring2011Eng_609720.pdf,North-Northwest Side High School Network,NORTH-NORTHWEST SIDE COLLABORATIVE,Yes,Standard,Not on Probation,Level 1,No,Very Strong,88,NDA,NDA,Strong,62,Average,52,Weak,NDA,NDA,NDA,NDA,NDA,NDA,NDA,96.30%,2.1,96.20%,99.40%,NDA,NDA,NDA,NDA,NDA,NDA,NDA,NDA,NDA,NDA,NDA,NDA,,,,,NDA,NDA,NDA,NDA,19.1,19.5,19.9,20.1,1,23.4,3.5,67.9,92.2,79.8,4368,35,90.7,1158975.392,1923791.705,41.94661693,-87.69105603,5,NORTH CENTER,47,19,"(41.94661693, -87.69105603)"
610342,Albert R Sabin Elementary Magnet School,ES,2216 W Hirsch St,Chicago,IL,60622,(773) 534-4491,http://schoolreports.cps.edu/SchoolProgressReport_Eng/Spring2011Eng_610342.pdf,Fulton Elementary Network,WEST SIDE COLLABORATIVE,No,Standard,Probation,Level 3,No,Strong,67,NDA,NDA,Weak,30,Very Weak,18,Weak,NDA,NDA,NDA,NDA,NDA,NDA,NDA,94.70%,28.1,95.00%,100.00%,56.3,NDA,33.5,33.5,49.5,49.5,27.4,39.3,35.5,44.4,25,23.4,18.0,12.8,-1.8,0.1,Red,Yellow,NDA,NDA,NDA,NDA,NDA,NDA,NDA,NDA,NDA,NDA,NDA,NDA,620,35,NDA,1161265.299,1909314.592,41.90684338,-87.68304259,24,WEST TOWN,1,14,"(41.90684338, -87.68304259)"
610524,Alcott High School for the Humanities,HS,2957 N Hoyne Ave,Chicago,IL,60618,(773) 534-5979,http://schoolreports.cps.edu/SchoolProgressReport_Eng/Spring2011Eng_610524.pdf,North-Northwest Side High School Network,NORTH-NORTHWEST SIDE COLLABORATIVE,NDA,Standard,Not on Probation,Not Enough Data,No,Strong,70,NDA,NDA,Strong,67,Average,51,Weak,NDA,NDA,NDA,Strong,57,Weak,43,92.70%,7.1,96.90%,100.00%,NDA,NDA,NDA,NDA,NDA,NDA,NDA,NDA,NDA,NDA,NDA,NDA,,,,,NDA,NDA,NDA,NDA,14.7,13.7,NDA,16,1.3,NDA,NDA,NDA,NDA,NDA,232,33,87.6,1161870.556,1919857.440,41.93576106,-87.68052441,5,NORTH CENTER,1,19,"(41.93576106, -87.68052441)"
610209,Alessandro Volta Elementary School,ES,4950 N Avers Ave,Chicago,IL,60625,(773) 534-5080,http://schoolreports.cps.edu/SchoolProgressReport_Eng/Spring2011Eng_610209.pdf,O'Hare Elementary Network,NORTH-NORTHWEST SIDE COLLABORATIVE,No,Track_E,Not on Probation,Level 2,No,Average,43,Strong,61,Weak,28,Weak,37,Weak,62,Average,56,Average,51,Average,53,96.40%,22.5,95.90%,100.00%,63.9,43.2,51.3,32.9,50.7,70,52.5,31.3,59.8,57.6,16.5,24.7,19.9,14.2,0.3,-0.4,Yellow,Yellow,31.6,65.2,NDA,NDA,NDA,NDA,NDA,NDA,NDA,NDA,NDA,NDA,1023,31,NDA,1149774.095,1932831.151,41.97160605,-87.72464139,14,ALBANY PARK,39,17,"(41.97160605, -87.72464139)"
609799,Alexander Graham Bell Elementary School,ES,3730 N Oakley Ave,Chicago,IL,60618,(773) 534-5150,http://schoolreports.cps.edu/SchoolProgressReport_Eng/Spring2011Eng_609799.pdf,Ravenswood-Ridge Elementary Network,NORTH-NORTHWEST SIDE COLLABORATIVE,No,Standard,Not on Probation,Level 1,No,Very Strong,99,Very Strong,88,Strong,64,Average,46,Weak,51,Average,51,NDA,NDA,NDA,NDA,96.30%,6.3,95.90%,99.30%,91.9,67.3,79.2,77.4,53.3,54.7,84.2,83,49.8,53.6,62.6,71.7,64.0,57.9,0.0,0.3,Yellow,Yellow,58.1,65.6,NDA,NDA,NDA,NDA,NDA,NDA,NDA,NDA,NDA,NDA,998,35,NDA,1160327.881,1924862.722,41.94952795,-87.68605496,5,NORTH CENTER,47,19,"(41.94952795, -87.68605496)"
609947,Alexander Graham Elementary School,ES,4436 S Union Ave,Chicago,IL,60609,(773) 535-1308,http://schoolreports.cps.edu/SchoolProgressReport_Eng/Spring2011Eng_609947.pdf,Pershing Elementary Network,SOUTHWEST SIDE COLLABORATIVE,No,Standard,Not on Probation,Level 2,No,Average,49,Weak,30,Weak,31,Weak,33,Weak,30,Average,41,Average,48,Average,51,92.50%,27.4,95.00%,92.10%,76.7,47.4,59.4,38.8,51.6,76.2,44.4,31.3,66.7,49.3,5.9,35.3,20.8,11.1,1.7,-0.5,Green,Yellow,45.3,31.8,NDA,NDA,NDA,NDA,NDA,NDA,NDA,NDA,NDA,NDA,476,42,NDA,1172335.702,1875308.997,41.81329195,-87.64338051,61,NEW CITY,11,9,"(41.81329195, -87.64338051)"
609963,Alexander Hamilton Elementary School,ES,1650 W Cornelia Ave,Chicago,IL,60657,(773) 534-5484,http://schoolreports.cps.edu/SchoolProgressReport_Eng/Spring2011Eng_609963.pdf,Ravenswood-Ridge Elementary Network,NORTH-NORTHWEST SIDE COLLABORATIVE,No,Standard,Not on Probation,Level 2,No,Strong,73,Strong,64,Strong,60,Average,59,Weak,59,Average,48,Strong,57,Strong,54,95.30%,12.5,97.40%,97.40%,70.3,47.2,34.4,48.4,56.5,62.9,31.9,46.8,48.9,51.1,14.3,35.7,13.8,21.3,0.6,0.6,Yellow,Yellow,NDA,NDA,NDA,NDA,NDA,NDA,NDA,NDA,NDA,NDA,NDA,NDA,307,33,NDA,1164474.274,1923334.414,41.94524725,-87.67085683,6,LAKE VIEW,32,19,"(41.94524725, -87.67085683)"
610210,Alexander von Humboldt Elementary School,ES,2620 W Hirsch St,Chicago,IL,60622,(773) 534-4480,http://schoolreports.cps.edu/SchoolProgressReport_Eng/Spring2011Eng_610210.pdf,Fulton Elementary Network,WEST SIDE COLLABORATIVE,No,Standard,Probation,Level 3,No,Weak,31,NDA,NDA,Weak,32,Average,45,Weak,NDA,NDA,NDA,Weak,43,Weak,44,92.50%,185.5,96.00%,100.00%,NDA,32.6,23.6,24,56.3,54,31.8,19.7,60.7,39.7,9.1,20.5,8.6,5.7,-0.4,-1.2,Yellow,Red,14.6,NDA,NDA,NDA,NDA,NDA,NDA,NDA,NDA,NDA,NDA,NDA,398,34,NDA,1158554.232,1909250.021,41.90672216,-87.69300325,24,WEST TOWN,26,14,"(41.90672216, -87.69300325)"
609808,Alex Haley Elementary Academy,ES,11411 S Eggleston Ave,Chicago,IL,60628,(773) 535-5340,http://schoolreports.cps.edu/SchoolProgressReport_Eng/Spring2011Eng_609808.pdf,Rock Island Elementary Network,FAR SOUTH SIDE COLLABORATIVE,No,Standard,Not on Probation,Level 2,No,Weak,28,NDA,NDA,Average,58,Strong,60,Weak,NDA,NDA,NDA,Average,47,Average,49,94.90%,2.9,94.70%,94.70%,51.6,31.4,17.3,13.6,43.7,41.4,36.3,24.5,64.8,53.9,1.8,16.1,11.6,1.9,0.5,-1.5,Yellow,Red,NDA,NDA,NDA,NDA,NDA,NDA,NDA,NDA,NDA,NDA,NDA,NDA,525,48,NDA,1175378.714,1829178.573,41.68663682,-87.63359476,49,ROSELAND,34,22,"(41.68663682, -87.63359476)"
610028,Alfred David Kohn Elementary School,ES,10414 S State St,Chicago,IL,60628,(773) 535-5489,http://schoolreports.cps.edu/SchoolProgressReport_Eng/Spring2011Eng_610028.pdf,Rock Island Elementary Network,FAR SOUTH SIDE COLLABORATIVE,No,Track_E,Probation,Level 3,No,Very Weak,19,Weak,26,Weak,22,Very Weak,13,Weak,21,Very Weak,19,Average,47,Weak,45,90.10%,31.2,94.20%,96.40%,41.3,31.9,34,22.2,42.8,56.2,29.6,22.8,80,61.7,4.3,19.6,5.0,5.6,0.5,-0.1,Yellow,Yellow,NDA,NDA,NDA,NDA,NDA,NDA,NDA,NDA,NDA,NDA,NDA,NDA,428,48,NDA,1178053.498,1835837.822,41.70485072,-87.62360199,49,ROSELAND,34,5,"(41.70485072, -87.62360199)"
610098,Alfred Nobel Elementary School,ES,4127 W Hirsch St,Chicago,IL,60651,(773) 534-4365,http://schoolreports.cps.edu/SchoolProgressReport_Eng/Spring2011Eng_610098.pdf,Garfield-Humboldt Elementary Network,WEST SIDE COLLABORATIVE,No,Track_E,Not on Probation,Level 2,No,Weak,37,Weak,34,Weak,37,Weak,35,Weak,48,Weak,36,Average,48,Average,51,94.60%,24.8,95.20%,100.00%,55.4,33.2,26.7,23.2,47.3,50,39.2,28.1,59.5,51,15.2,16.7,9.7,7.1,-0.3,0.7,Yellow,Yellow,23.4,44.4,NDA,NDA,NDA,NDA,NDA,NDA,NDA,NDA,NDA,NDA,801,34,NDA,1148503.002,1908960.619,41.90612797,-87.72993324,23,HUMBOLDT PARK,37,25,"(41.90612797, -87.72993324)"
609788,Alice L Barnard Computer Math & Science Center Elementary School,ES,10354 S Charles St,Chicago,IL,60643,(773) 535-2625,http://schoolreports.cps.edu/SchoolProgressReport_Eng/Spring2011Eng_609788.pdf,Rock Island Elementary Network,FAR SOUTH SIDE COLLABORATIVE,No,Track_E,Not on Probation,Level 1,No,Average,46,NDA,NDA,Weak,39,Average,58,Weak,NDA,NDA,NDA,Strong,69,Average,51,95.60%,28.5,95.00%,100.00%,62.1,38.5,43,38.8,47.4,61.8,45.6,40.4,49.4,61.4,18.5,29.6,18.0,15.7,1.9,1.9,Green,Green,NDA,NDA,NDA,NDA,NDA,NDA,NDA,NDA,NDA,NDA,NDA,NDA,274,49,NDA,1168627.899,1835867.534,41.70514024,-87.65811642,72,BEVERLY,19,22,"(41.70514024, -87.65811642)"
610334,Al Raby High School,HS,3545 W Fulton Blvd,Chicago,IL,60624,(773) 534-6755,http://schoolreports.cps.edu/SchoolProgressReport_Eng/Spring2011Eng_610334.pdf,West Side High School Network,WEST SIDE COLLABORATIVE,No,Track_E,Probation,Level 3,No,Average,52,NDA,NDA,Average,51,Average,53,Weak,NDA,NDA,NDA,NDA,NDA,NDA,NDA,80.30%,14.0,95.10%,100.00%,NDA,NDA,NDA,NDA,NDA,NDA,NDA,NDA,NDA,NDA,NDA,NDA,,,,,NDA,NDA,NDA,NDA,12.8,13,14.1,14,1.2,15.2,1.1,13.5,72.2,64.2,551,34,74.3,1152512.295,1901720.850,41.88618300,-87.71539705,27,EAST GARFIELD PARK,28,11,"(41.886183, -87.71539705)"
610131,Ambrose Plamondon Elementary School,ES,2642 W 15th Pl,Chicago,IL,60608,(773) 534-1789,http://schoolreports.cps.edu/SchoolProgressReport_Eng/Spring2011Eng_610131.pdf,Austin-North Lawndale Elementary Network,WEST SIDE COLLABORATIVE,No,Track_E,Not on Probation,Level 2,No,Average,45,NDA,NDA,Weak,32,Weak,28,Weak,NDA,NDA,NDA,Weak,45,Weak,41,96.90%,0.6,96.60%,100.00%,61.9,14.3,27.3,37.9,35,54.8,43.5,25,74.4,40,16.7,25,12.3,11.4,-1.5,-1.3,Red,Red,NDA,NDA,NDA,NDA,NDA,NDA,NDA,NDA,NDA,NDA,NDA,NDA,171,39,NDA,1158816.302,1892329.996,41.86028668,-87.69250468,29,NORTH LAWNDALE,28,10,"(41.86028668, -87.69250468)"
610316,Amelia Earhart Options for Knowledge Elementary School,ES,1710 E 93rd St,Chicago,IL,60617,(773) 535-6416,http://schoolreports.cps.edu/SchoolProgressReport_Eng/Spring2011Eng_610316.pdf,Skyway Elementary Network,SOUTH SIDE COLLABORATIVE,Yes,Track_E,Not on Probation,Level 2,No,Very Strong,81,Strong,63,Strong,60,Strong,73,Weak,34,Average,54,NDA,NDA,NDA,NDA,96.30%,33.4,95.40%,100.00%,76.7,NDA,58.1,59.1,66.7,58.1,48.8,67.5,51.3,62.5,NDA,NDA,27.5,26.4,0.1,1.0,Yellow,Green,NDA,NDA,NDA,NDA,NDA,NDA,NDA,NDA,NDA,NDA,NDA,NDA,264,47,NDA,1189297.589,1843689.527,41.72613498,-87.58217727,48,CALUMET HEIGHTS,8,4,"(41.72613498, -87.58217727)"
609780,Ames Middle School,MS,1920 N Hamlin Ave,Chicago,IL,60647,(773) 534-4970,http://schoolreports.cps.edu/SchoolProgressReport_Eng/Spring2011Eng_609780.pdf,Fullerton Elementary Network,NORTH-NORTHWEST SIDE COLLABORATIVE,No,Standard,Probation,Level 2,No,Weak,38,Very Weak,17,Weak,27,Weak,35,Weak,26,Weak,26,Average,50,Average,50,94.30%,5.3,96.00%,100.00%,NDA,NDA,NDA,NDA,NDA,NDA,35.1,27.9,76.8,51.1,9.2,18.4,14.5,3.0,-1.9,-1.5,Red,Red,28.8,55,NDA,NDA,NDA,NDA,NDA,NDA,NDA,NDA,NDA,NDA,586,34,NDA,1150696.779,1912593.823,41.91605519,-87.72177945,22,LOGAN SQUARE,26,25,"(41.91605519, -87.72177945)"
610339,Amos Alonzo Stagg Elementary School,ES,7424 S Morgan St,Chicago,IL,60621,(773) 535-3565,http://schoolreports.cps.edu/SchoolProgressReport_Eng/Spring2011Eng_610339.pdf,Englewood-Gresham Elementary Network,SOUTHWEST SIDE COLLABORATIVE,No,Track_E,Probation,Level 3,No,Weak,23,Weak,35,Weak,35,Average,42,Weak,25,Average,42,Weak,44,Average,50,91.40%,34.3,95.50%,100.00%,NDA,NDA,35.3,22.4,47.6,58.2,20.1,26.8,49.2,43.9,8,23.5,7.7,7.8,-0.4,-0.1,Yellow,Yellow,NDA,NDA,NDA,NDA,NDA,NDA,NDA,NDA,NDA,NDA,NDA,NDA,539,45,NDA,1170892.320,1855485.867,41.75892669,-87.64925340,68,ENGLEWOOD,17,7,"(41.75892669, -87.6492534)"
610320,Ana Roque de Duprey Elementary School,ES,2620 W Hirsch St,Chicago,IL,60622,(773) 534-4230,http://schoolreports.cps.edu/SchoolProgressReport_Eng/Spring2011Eng_610320.pdf,Fulton Elementary Network,WEST SIDE COLLABORATIVE,No,Standard,Probation,Level 2,Yes,Average,57,NDA,NDA,Very Weak,12,Very Weak,14,Weak,NDA,NDA,NDA,Average,53,Strong,57,95.40%,77.5,95.60%,100.00%,32.1,23.3,56.8,32.4,75.8,75.8,34.9,34.1,53.8,52.5,7.1,28.6,11.1,6.2,0.7,0.1,Yellow,Yellow,NDA,NDA,NDA,NDA,NDA,NDA,NDA,NDA,NDA,NDA,NDA,NDA,114,34,NDA,1158554.232,1909250.021,41.90672216,-87.69300325,24,WEST TOWN,26,14,"(41.90672216, -87.69300325)"
609837,Andrew Carnegie Elementary School,ES,1414 E 61st Pl,Chicago,IL,60637,(773) 535-0530,http://schoolreports.cps.edu/SchoolProgressReport_Eng/Spring2011Eng_609837.pdf,Burnham Park Elementary Network,SOUTH SIDE COLLABORATIVE,No,Standard,Probation,Level 3,No,Average,48,Average,51,Weak,37,Strong,63,Weak,42,Weak,31,Average,49,Average,49,94.60%,6.2,94.40%,100.00%,NDA,NDA,40.2,48.3,40.8,52.3,29.8,44.7,32.6,36.2,18.4,38.8,21.4,20.4,-1.2,0.1,Red,Yellow,48.1,8.3,NDA,NDA,NDA,NDA,NDA,NDA,NDA,NDA,NDA,NDA,730,46,NDA,1186764.646,1864534.473,41.78339577,-87.59079649,42,WOODLAWN,20,3,"(41.78339577, -87.59079649)"
610060,Andrew Jackson Elementary Language Academy,ES,1340 W Harrison St,Chicago,IL,60607,(773) 534-7000,http://schoolreports.cps.edu/SchoolProgressReport_Eng/Spring2011Eng_610060.pdf,Fulton Elementary Network,WEST SIDE COLLABORATIVE,Yes,Standard,Not on Probation,Level 1,No,Very Strong,86,NDA,NDA,Average,57,Average,46,Weak,NDA,NDA,NDA,NDA,NDA,NDA,NDA,97.40%,0.7,96.10%,100.00%,88.7,NDA,90.3,90.9,70.6,81.2,85.7,90.7,64.8,62.1,72.6,87.1,70.4,62.7,0.6,0.8,Green,Green,48.4,80,NDA,NDA,NDA,NDA,NDA,NDA,NDA,NDA,NDA,NDA,556,38,NDA,1167364.912,1897512.032,41.87432724,-87.66097599,28,NEAR WEST SIDE,2,12,"(41.87432724, -87.66097599)"
609869,Anna R. Langford Community Academy,ES,6010 S Throop St,Chicago,IL,60636,(773) 535-9180,http://schoolreports.cps.edu/SchoolProgressReport_Eng/Spring2011Eng_609869.pdf,Englewood-Gresham Elementary Network,SOUTHWEST SIDE COLLABORATIVE,No,Track_E,Probation,Level 2,No,Weak,31,Weak,31,Average,54,Weak,32,Weak,49,Average,50,Average,53,Average,52,91.80%,29.0,95.40%,100.00%,58.8,NDA,40,14,52.8,59.8,31.9,17,51.3,44.9,7.7,11.5,12.6,7.5,0.5,0.2,Yellow,Yellow,NDA,NDA,NDA,NDA,NDA,NDA,NDA,NDA,NDA,NDA,NDA,NDA,339,43,NDA,1168649.029,1864844.463,41.78465652,-87.65720530,67,WEST ENGLEWOOD,16,7,"(41.78465652, -87.6572053)"
610084,Annie Keller Elementary Gifted Magnet School,ES,3020 W 108th St,Chicago,IL,60655,(773) 535-2636,http://schoolreports.cps.edu/SchoolProgressReport_Eng/Spring2011Eng_610084.pdf,Rock Island Elementary Network,FAR SOUTH SIDE COLLABORATIVE,Yes,Standard,Not on Probation,Level 1,No,Very Strong,99,Very Strong,97,Very Strong,85,Very Strong,82,Weak,94,Very Strong,82,Strong,68,Strong,60,97.50%,4.9,96.50%,100.00%,100,NDA,100,100,63.4,74.7,96.5,97.7,61.2,76.7,89.3,100,92.8,92.3,1.6,2.3,Green,Green,51.5,70.6,NDA,NDA,NDA,NDA,NDA,NDA,NDA,NDA,NDA,NDA,245,49,NDA,1157959.455,1832892.067,41.69719792,-87.69726380,74,MOUNT GREENWOOD,19,22,"(41.69719792, -87.6972638)"
610229,A.N. Pritzker School,ES,2009 W Schiller St,Chicago,IL,60622,(773) 534-4415,http://schoolreports.cps.edu/SchoolProgressReport_Eng/Spring2011Eng_610229.pdf,Fulton Elementary Network,WEST SIDE COLLABORATIVE,No,Standard,Not on Probation,Level 1,No,Average,59,NDA,NDA,Average,58,Strong,61,Weak,NDA,NDA,NDA,NDA,NDA,NDA,NDA,94.60%,36.5,95.60%,98.50%,56.8,11.8,58.2,58.5,55,55.6,62.9,54.9,57.6,55.1,38.7,50,37.2,34.5,-0.2,0.3,Yellow,Yellow,NDA,NDA,NDA,NDA,NDA,NDA,NDA,NDA,NDA,NDA,NDA,NDA,669,35,NDA,1162693.096,1909391.648,41.90702500,-87.67779555,24,WEST TOWN,1,14,"(41.907025, -87.67779555)"
610277,Anthony Overton Elementary School,ES,221 E 49th St,Chicago,IL,60615,(773) 535-1430,http://schoolreports.cps.edu/SchoolProgressReport_Eng/Spring2011Eng_610277.pdf,Burnham Park Elementary Network,SOUTH SIDE COLLABORATIVE,No,Track_E,Probation,Level 3,No,Weak,32,NDA,NDA,Strong,64,Strong,76,Weak,NDA,NDA,NDA,Average,52,Strong,55,90.50%,24.9,94.90%,100.00%,52,54.8,19.6,16.2,41.1,40,20.4,25,45.1,46.2,0,8.3,8.2,4.3,1.2,0.7,Green,Yellow,NDA,NDA,NDA,NDA,NDA,NDA,NDA,NDA,NDA,NDA,NDA,NDA,436,42,NDA,1178699.353,1872549.026,41.80557578,-87.62012252,38,GRAND BOULEVARD,3,2,"(41.80557578, -87.62012252)"
609951,Ariel Elementary Community Academy,ES,1119 E 46th St,Chicago,IL,60653,(773) 535-1996,http://schoolreports.cps.edu/SchoolProgressReport_Eng/Spring2011Eng_609951.pdf,Burnham Park Elementary Network,SOUTH SIDE COLLABORATIVE,No,Standard,Not on Probation,Level 2,No,NDA,,NDA,NDA,NDA,,NDA,,Weak,NDA,NDA,NDA,Average,51,Average,50,95.50%,5.4,96.00%,100.00%,70.8,34.3,48.4,43,62,58.6,40,47.1,58.6,49.3,14.6,36.6,24.8,14.4,0.0,-1.6,Yellow,Red,35,28.6,NDA,NDA,NDA,NDA,NDA,NDA,NDA,NDA,NDA,NDA,550,42,NDA,1184576.517,1874697.119,41.81133445,-87.59850030,39,KENWOOD,4,2,"(41.81133445, -87.5985003)"
610161,Arna Wendell Bontemps Elementary School,ES,1241 W 58th St,Chicago,IL,60636,(773) 535-9175,http://schoolreports.cps.edu/SchoolProgressReport_Eng/Spring2011Eng_610161.pdf,Englewood-Gresham Elementary Network,SOUTHWEST SIDE COLLABORATIVE,No,Track_E,Probation,Level 3,No,Weak,33,NDA,NDA,Average,48,Average,59,Weak,NDA,NDA,NDA,Average,53,Average,52,94.20%,31.2,95.80%,100.00%,36.4,26.9,25.7,20.8,64.3,64.8,28.7,22.1,54.3,51.9,0,18.8,7.5,4.2,-1.1,-2.5,Red,Red,NDA,NDA,NDA,NDA,NDA,NDA,NDA,NDA,NDA,NDA,NDA,NDA,345,43,NDA,1168872.421,1866273.444,41.78857298,-87.65634499,67,WEST ENGLEWOOD,16,7,"(41.78857298, -87.65634499)"
610171,Arnold Mireles Elementary Academy,ES,9000 S Exchange Ave,Chicago,IL,60617,(773) 535-6360,http://schoolreports.cps.edu/SchoolProgressReport_Eng/Spring2011Eng_610171.pdf,Skyway Elementary Network,SOUTH SIDE COLLABORATIVE,No,Track_E,Probation,Level 3,No,Weak,27,NDA,NDA,Average,43,Average,54,Weak,NDA,NDA,NDA,Average,48,Average,51,92.80%,11.8,95.20%,98.90%,44,27.5,21.9,15.2,45.4,45.7,23,19.4,46.9,51,6.4,18.2,7.6,5.4,-1.1,-0.7,Red,Red,9.8,NDA,NDA,NDA,NDA,NDA,NDA,NDA,NDA,NDA,NDA,NDA,905,47,NDA,1197292.129,1845782.158,41.73168217,-87.55282373,46,SOUTH CHICAGO,10,4,"(41.73168217, -87.55282373)"
610037,Arthur A Libby Elementary School,ES,5300 S Loomis Blvd,Chicago,IL,60609,(773) 535-9050,http://schoolreports.cps.edu/SchoolProgressReport_Eng/Spring2011Eng_610037.pdf,Pershing Elementary Network,SOUTHWEST SIDE COLLABORATIVE,No,Track_E,Probation,Level 3,No,Weak,36,NDA,NDA,Strong,60,Strong,60,Weak,NDA,NDA,NDA,Average,48,Average,52,90.80%,21.6,95.10%,100.00%,31.1,37.3,24.7,12,43.2,48.3,32,17.7,55.3,48.3,4.2,14.6,4.8,3.9,-0.4,-2.8,Yellow,Red,18,NDA,NDA,NDA,NDA,NDA,NDA,NDA,NDA,NDA,NDA,NDA,539,43,NDA,1167858.322,1869572.502,41.79764784,-87.65996858,61,NEW CITY,16,9,"(41.79764784, -87.65996858)"
609887,Arthur Dixon Elementary School,ES,8306 S Saint Lawrence Ave,Chicago,IL,60619,(773) 535-3834,http://schoolreports.cps.edu/SchoolProgressReport_Eng/Spring2011Eng_609887.pdf,Skyway Elementary Network,SOUTH SIDE COLLABORATIVE,No,Track_E,Not on Probation,Level 2,No,Average,47,NDA,NDA,Average,47,Average,52,Weak,NDA,NDA,NDA,NDA,NDA,NDA,NDA,94.80%,32.2,95.60%,100.00%,69.7,35.5,42.8,37.8,51.8,70.8,43.5,44.5,51.3,49.4,22.1,31.6,22.0,15.7,-0.3,0.7,Yellow,Green,NDA,NDA,NDA,NDA,NDA,NDA,NDA,NDA,NDA,NDA,NDA,NDA,652,45,NDA,1181644.805,1850009.577,41.74365776,-87.61001515,44,CHATHAM,6,6,"(41.74365776, -87.61001515)"
609836,Arthur E Canty Elementary School,ES,3740 N Panama Ave,Chicago,IL,60634,(773) 534-1238,http://schoolreports.cps.edu/SchoolProgressReport_Eng/Spring2011Eng_609836.pdf,O'Hare Elementary Network,NORTH-NORTHWEST SIDE COLLABORATIVE,Yes,Standard,Not on Probation,Level 1,No,Very Strong,87,Strong,64,Strong,70,Strong,64,Weak,49,Average,47,Strong,66,Average,53,96.10%,2.3,96.10%,99.10%,75.3,60.6,77.2,58.3,52.9,62,81.3,71.3,61.4,59.7,41.3,60,47.4,34.2,0.3,0.1,Yellow,Yellow,29.8,100,NDA,NDA,NDA,NDA,NDA,NDA,NDA,NDA,NDA,NDA,784,30,NDA,1121355.698,1924041.412,41.94799245,-87.82933190,17,DUNNING,36,16,"(41.94799245, -87.8293319)"
610268,Arthur R Ashe Elementary School,ES,8505 S Ingleside Ave,Chicago,IL,60619,(773) 535-3550,http://schoolreports.cps.edu/SchoolProgressReport_Eng/Spring2011Eng_610268.pdf,Skyway Elementary Network,SOUTH SIDE COLLABORATIVE,No,Track_E,Probation,Level 3,No,NDA,,NDA,NDA,NDA,,NDA,,Weak,NDA,NDA,NDA,Weak,39,Weak,46,87.90%,41.6,93.40%,100.00%,30.1,25.5,20.3,14.3,47.4,54.8,43.4,23.6,61,58.7,7.9,15.8,9.2,2.8,1.1,-0.9,Green,Red,NDA,NDA,NDA,NDA,NDA,NDA,NDA,NDA,NDA,NDA,NDA,NDA,459,45,NDA,1184078.661,1848752.991,41.74015307,-87.60113659,44,CHATHAM,8,6,"(41.74015307, -87.60113659)"
609941,Asa Philip Randolph Elementary School,ES,7316 S Hoyne Ave,Chicago,IL,60636,(773) 535-9015,http://schoolreports.cps.edu/SchoolProgressReport_Eng/Spring2011Eng_609941.pdf,Englewood-Gresham Elementary Network,SOUTHWEST SIDE COLLABORATIVE,No,Track_E,Probation,Level 3,No,Very Weak,15,NDA,NDA,Average,41,Average,48,Weak,NDA,NDA,NDA,Weak,45,Average,49,92.10%,43.5,95.30%,95.60%,52.9,52.6,20.2,11.3,40.1,48.1,44.2,21.3,63,50.8,12.1,12.1,13.8,4.5,0.3,-1.3,Yellow,Red,NDA,NDA,NDA,NDA,NDA,NDA,NDA,NDA,NDA,NDA,NDA,NDA,573,43,NDA,1163589.689,1856037.765,41.76059741,-87.67600175,67,WEST ENGLEWOOD,17,7,"(41.76059741, -87.67600175)"
610287,Ashburn Community Elementary School,ES,8300 S Saint Louis Ave,Chicago,IL,60652,(773) 535-7860,http://schoolreports.cps.edu/SchoolProgressReport_Eng/Spring2011Eng_610287.pdf,Midway Elementary Network,SOUTHWEST SIDE COLLABORATIVE,No,Standard,Not on Probation,Level 2,No,Average,48,Strong,76,Average,52,Average,40,Weak,68,Strong,70,Average,51,Average,50,95.50%,28.5,97.10%,100.00%,70.6,61.7,40.4,33.3,55.5,56.2,45.8,36.8,69.9,45.5,22.4,30.6,15.1,9.5,0.4,-0.6,Yellow,Yellow,40.8,40,NDA,NDA,NDA,NDA,NDA,NDA,NDA,NDA,NDA,NDA,490,44,NDA,1154458.760,1849313.602,41.74233179,-87.70964592,70,ASHBURN,18,8,"(41.74233179, -87.70964592)"
609820,Augustus H Burley Elementary School,ES,1630 W Barry Ave,Chicago,IL,60657,(773) 534-5475,http://schoolreports.cps.edu/SchoolProgressReport_Eng/Spring2011Eng_609820.pdf,Ravenswood-Ridge Elementary Network,NORTH-NORTHWEST SIDE COLLABORATIVE,Yes,Standard,Not on Probation,Level 1,No,Very Strong,99,NDA,NDA,Strong,78,Strong,65,Weak,NDA,NDA,NDA,Strong,59,Average,49,96.50%,0.7,95.00%,97.90%,69.4,47,64.5,70.2,51.2,66.7,69.4,75,62.9,67.3,50,69.6,54.2,53.3,1.3,2.1,Green,Green,35.7,80,NDA,NDA,NDA,NDA,NDA,NDA,NDA,NDA,NDA,NDA,572,33,NDA,1164768.164,1920682.831,41.93796493,-87.66985204,6,LAKE VIEW,32,19,"(41.93796493, -87.66985204)"
400018,Austin Business and Entrepreneurship Academy High School,HS,231 N Pine Ave,Chicago,IL,60644,(773) 534-6316,,West Side High School Network,WEST SIDE COLLABORATIVE,No,Non_Standard,Probation,Level 3,No,Weak,38,NDA,NDA,Average,41,Weak,33,Weak,NDA,NDA,NDA,NDA,NDA,NDA,NDA,76.00%,12.4,0.00%,98.20%,NDA,NDA,NDA,NDA,NDA,NDA,NDA,NDA,NDA,NDA,NDA,NDA,,,,,NDA,NDA,NDA,NDA,12,12,14.3,12.9,0.9,14.4,0.1,12.2,65.6,51.3,316,36,NDA,1139494.763,1901274.258,41.88520477,-87.76321191,25,AUSTIN,28,15,"(41.88520477, -87.76321191)"
610169,Austin O Sexton Elementary School,ES,6020 S Langley Ave,Chicago,IL,60637,(773) 535-0640,http://schoolreports.cps.edu/SchoolProgressReport_Eng/Spring2011Eng_610169.pdf,Burnham Park Elementary Network,SOUTH SIDE COLLABORATIVE,No,Standard,Probation,Level 3,No,Weak,23,NDA,NDA,Weak,38,Weak,34,Weak,NDA,NDA,NDA,Weak,46,Weak,44,90.50%,8.6,94.10%,100.00%,48.8,NDA,12.7,13.5,56.6,51.9,26.4,33.6,53.1,66.7,3.7,11.1,6.1,5.2,0.2,-0.4,Yellow,Yellow,NDA,NDA,NDA,NDA,NDA,NDA,NDA,NDA,NDA,NDA,NDA,NDA,337,42,NDA,1181884.660,1865139.761,41.78517099,-87.60866927,42,WOODLAWN,20,3,"(41.78517099, -87.60866927)"
610501,Austin Polytechnical Academy High School,HS,231 N Pine Ave,Chicago,IL,60644,(773) 534-6300,http://schoolreports.cps.edu/SchoolProgressReport_Eng/Spring2011Eng_610501.pdf,West Side High School Network,WEST SIDE COLLABORATIVE,No,Standard,Probation,Level 2,No,Weak,38,NDA,NDA,Average,45,Average,53,Weak,NDA,NDA,NDA,NDA,NDA,NDA,NDA,70.10%,21.5,95.20%,98.60%,NDA,NDA,NDA,NDA,NDA,NDA,NDA,NDA,NDA,NDA,NDA,NDA,,,,,NDA,NDA,NDA,NDA,12,12.1,13.6,13.1,1.1,14.8,1.2,8.5,NDA,NDA,250,36,56.1,1139494.763,1901274.258,41.88520477,-87.76321191,25,AUSTIN,28,15,"(41.88520477, -87.76321191)"
609786,Avalon Park Elementary School,ES,8045 S Kenwood Ave,Chicago,IL,60619,(773) 535-6615,http://schoolreports.cps.edu/SchoolProgressReport_Eng/Spring2011Eng_609786.pdf,Skyway Elementary Network,SOUTH SIDE COLLABORATIVE,No,Track_E,Not on Probation,Level 2,No,Weak,32,Weak,24,Weak,38,Weak,32,Weak,32,Very Weak,16,Weak,46,Weak,45,92.10%,52.1,96.40%,97.70%,47.8,15.4,11.9,22.3,41.7,40.9,14.8,20.6,42.7,44.1,2.2,24.4,7.9,5.1,1.1,1.2,Green,Green,NDA,NDA,NDA,NDA,NDA,NDA,NDA,NDA,NDA,NDA,NDA,NDA,398,47,NDA,1186651.081,1851731.650,41.74826636,-87.59161761,45,AVALON PARK,8,4,"(41.74826636, -87.59161761)"
609871,Barbara Vick Early Childhood & Family Center,ES,2554 W 113th St,Chicago,IL,60655,(773) 535-2671,http://schoolreports.cps.edu/SchoolProgressReport_Eng/Spring2011Eng_609871.pdf,Rock Island Elementary Network,FAR SOUTH SIDE COLLABORATIVE,NDA,Track_E,NDA,NDA,No,NDA,,NDA,NDA,NDA,,NDA,,Weak,NDA,NDA,NDA,Strong,66,Strong,60,60.90%,0.0,95.50%,100.00%,NDA,NDA,NDA,NDA,NDA,NDA,NDA,NDA,NDA,NDA,NDA,NDA,,,,,NDA,NDA,NDA,NDA,NDA,NDA,NDA,NDA,NDA,NDA,NDA,NDA,NDA,NDA,204,49,NDA,1161152.120,1829643.669,41.68821843,-87.68566340,75,MORGAN PARK,19,22,"(41.68821843, -87.6856634)"
609922,Belmont-Cragin Elementary School,ES,2456 N Mango Ave,Chicago,IL,60639,(773) 534-2900,http://schoolreports.cps.edu/SchoolProgressReport_Eng/Spring2011Eng_609922.pdf,Fullerton Elementary Network,NORTH-NORTHWEST SIDE COLLABORATIVE,No,Track_E,Not on Probation,Level 2,No,Strong,75,Very Strong,81,Strong,67,Strong,66,Weak,45,Average,53,Strong,55,Strong,54,95.30%,1.3,96.80%,98.90%,60.7,31.8,22.5,21.3,51.8,55.3,42.9,39,61.7,53.2,0,6.9,11.0,11.0,0.2,1.0,Yellow,Yellow,NDA,NDA,NDA,NDA,NDA,NDA,NDA,NDA,NDA,NDA,NDA,NDA,634,29,NDA,1137592.320,1915980.764,41.92559567,-87.76984337,19,BELMONT CRAGIN,30,25,"(41.92559567, -87.76984337)"
609764,Benito Juarez Community Academy High School,HS,2150 S Laflin St,Chicago,IL,60608,(773) 534-7030,http://schoolreports.cps.edu/SchoolProgressReport_Eng/Spring2011Eng_609764.pdf,West Side High School Network,WEST SIDE COLLABORATIVE,No,Standard,Probation,Level 3,No,Average,46,Average,53,Average,44,Average,45,Weak,49,Average,48,NDA,NDA,NDA,NDA,83.70%,17.2,95.80%,99.50%,NDA,NDA,NDA,NDA,NDA,NDA,NDA,NDA,NDA,NDA,NDA,NDA,,,,,NDA,NDA,NDA,NDA,13.2,13.7,14.6,14.5,1.3,15.8,1.2,14.8,56.2,48.8,1683,39,71.1,1166665.696,1889615.348,41.85267306,-87.66376931,31,LOWER WEST SIDE,25,12,"(41.85267306, -87.66376931)"
610265,Benjamin Banneker Elementary School,ES,6656 S Normal Blvd,Chicago,IL,60621,(773) 535-3020,http://schoolreports.cps.edu/SchoolProgressReport_Eng/Spring2011Eng_610265.pdf,Englewood-Gresham Elementary Network,SOUTHWEST SIDE COLLABORATIVE,No,Track_E,Probation,Level 3,No,Weak,36,NDA,NDA,Weak,35,Average,58,Weak,NDA,NDA,NDA,NDA,NDA,NDA,NDA,91.30%,26.9,93.90%,100.00%,NDA,31.1,10.9,11.8,40,34.4,34.4,31.1,55.7,60.5,25.9,30.8,7.9,1.5,0.7,0.9,Yellow,Yellow,NDA,NDA,NDA,NDA,NDA,NDA,NDA,NDA,NDA,NDA,NDA,NDA,302,45,NDA,1174114.357,1860550.724,41.77275433,-87.63729464,68,ENGLEWOOD,6,7,"(41.77275433, -87.63729464)"
610290,Benjamin E Mays Elementary Academy,ES,838 W Marquette Rd,Chicago,IL,60621,(773) 535-3892,http://schoolreports.cps.edu/SchoolProgressReport_Eng/Spring2011Eng_610290.pdf,Englewood-Gresham Elementary Network,SOUTHWEST SIDE COLLABORATIVE,No,Track_E,Not on Probation,Level 2,No,Weak,27,Weak,23,Average,55,Average,48,Weak,41,Weak,37,NDA,NDA,NDA,NDA,95.50%,0.3,96.60%,100.00%,NDA,60.7,45.9,26.8,47.2,60.2,37.2,24.7,60.7,57.8,17.1,31.4,17.4,9.6,0.1,-0.1,Yellow,Yellow,NDA,NDA,NDA,NDA,NDA,NDA,NDA,NDA,NDA,NDA,NDA,NDA,301,45,NDA,1171705.530,1860460.828,41.77256081,-87.64612737,68,ENGLEWOOD,16,7,"(41.77256081, -87.64612737)"
610076,Bernhard Moos Elementary School,ES,1711 N California Ave,Chicago,IL,60647,(773) 534-4340,http://schoolreports.cps.edu/SchoolProgressReport_Eng/Spring2011Eng_610076.pdf,Fulton Elementary Network,WEST SIDE COLLABORATIVE,No,Track_E,Probation,Level 2,No,Average,50,Weak,34,Average,47,Weak,32,Weak,34,Weak,31,NDA,NDA,NDA,NDA,93.00%,45.5,96.30%,98.50%,52.7,52.4,43,26.5,60.8,61.6,60.6,30.5,70.8,61.3,10.9,12.7,24.0,7.5,1.4,0.2,Green,Yellow,NDA,NDA,NDA,NDA,NDA,NDA,NDA,NDA,NDA,NDA,NDA,NDA,429,34,NDA,1157476.303,1911358.897,41.91253110,-87.69690545,24,WEST TOWN,1,14,"(41.9125311, -87.69690545)"
610150,Betsy Ross Elementary School,ES,6059 S Wabash Ave,Chicago,IL,60637,(773) 535-0650,http://schoolreports.cps.edu/SchoolProgressReport_Eng/Spring2011Eng_610150.pdf,Burnham Park Elementary Network,SOUTH SIDE COLLABORATIVE,No,Standard,Probation,Level 3,No,Weak,39,NDA,NDA,Average,51,Average,50,Weak,NDA,NDA,NDA,Weak,37,Weak,44,88.90%,64.1,93.90%,97.90%,25.3,31,10.3,8.2,31.5,22.8,24.4,20.2,56.3,38.1,0,5.3,2.5,2.0,-0.1,-1.1,Yellow,Red,NDA,NDA,NDA,NDA,NDA,NDA,NDA,NDA,NDA,NDA,NDA,NDA,350,42,NDA,1177801.979,1864618.420,41.78383382,-87.62365383,40,WASHINGTON PARK,20,3,"(41.78383382, -87.62365383)"
610175,Beulah Shoesmith Elementary School,ES,1330 E 50th St,Chicago,IL,60615,(773) 535-1764,http://schoolreports.cps.edu/SchoolProgressReport_Eng/Spring2011Eng_610175.pdf,Burnham Park Elementary Network,SOUTH SIDE COLLABORATIVE,No,Standard,Probation,Level 2,No,Average,45,Average,54,Average,40,Weak,39,Weak,37,Average,41,Average,49,Weak,45,94.70%,0.3,94.80%,100.00%,65,12,32.5,28.4,54.4,61.3,56.4,43.6,83.3,66.7,NDA,NDA,10.8,19.6,0.0,1.6,Yellow,Green,NDA,NDA,NDA,NDA,NDA,NDA,NDA,NDA,NDA,NDA,NDA,NDA,325,46,NDA,1185846.553,1872152.239,41.80432122,-87.59392226,39,KENWOOD,4,2,"(41.80432122, -87.59392226)"
610087,Blair Early Childhood Center,ES,6751 W 63rd Pl,Chicago,IL,60638,(773) 535-2076,http://schoolreports.cps.edu/SchoolProgressReport_Eng/Spring2011Eng_610087.pdf,Midway Elementary Network,SOUTHWEST SIDE COLLABORATIVE,NDA,Track_E,NDA,NDA,No,NDA,,Strong,64,NDA,,NDA,,Weak,61,Strong,66,Strong,58,Strong,65,80.20%,0.8,94.80%,100.00%,NDA,NDA,NDA,NDA,NDA,NDA,NDA,NDA,NDA,NDA,NDA,NDA,,,,,NDA,NDA,NDA,NDA,NDA,NDA,NDA,NDA,NDA,NDA,NDA,NDA,NDA,NDA,137,44,NDA,1132295.745,1861625.190,41.77652935,-87.79056836,64,CLEARING,23,8,"(41.77652935, -87.79056836)"
609969,Bret Harte Elementary School,ES,1556 E 56th St,Chicago,IL,60637,(773) 535-0870,http://schoolreports.cps.edu/SchoolProgressReport_Eng/Spring2011Eng_609969.pdf,Burnham Park Elementary Network,SOUTH SIDE COLLABORATIVE,Yes,Standard,Probation,Level 3,No,Strong,63,NDA,NDA,Strong,77,Strong,76,Weak,NDA,NDA,NDA,Average,47,Weak,44,94.20%,17.9,95.40%,98.50%,57.1,NDA,52.8,60,66.1,60.8,43.8,60.4,60.4,64.6,NDA,NDA,27.5,21.9,0.4,0.0,Yellow,Yellow,NDA,NDA,NDA,NDA,NDA,NDA,NDA,NDA,NDA,NDA,NDA,NDA,340,46,NDA,1187805.484,1868216.424,41.79347460,-87.58686328,41,HYDE PARK,5,2,"(41.7934746, -87.58686328)"
610106,Brian Piccolo Elementary Specialty School,ES,1040 N Keeler Ave,Chicago,IL,60651,(773) 534-4425,http://schoolreports.cps.edu/SchoolProgressReport_Eng/Spring2011Eng_610106.pdf,Garfield-Humboldt Elementary Network,WEST SIDE COLLABORATIVE,No,Track_E,Probation,Level 3,No,Weak,27,NDA,NDA,Weak,29,Weak,31,Weak,NDA,NDA,NDA,NDA,NDA,NDA,NDA,90.60%,65.8,95.00%,92.90%,29.2,19.6,9.7,15.2,40.9,43,20.6,16.5,51.3,48.1,6.8,5.1,3.4,1.6,-0.2,-1.4,Yellow,Red,NDA,NDA,NDA,NDA,NDA,NDA,NDA,NDA,NDA,NDA,NDA,NDA,549,34,NDA,1148146.922,1906778.220,41.90014610,-87.73129753,23,HUMBOLDT PARK,37,11,"(41.9001461, -87.73129753)"
610317,Brighton Park Elementary School,ES,3825 S Washtenaw Ave,Chicago,IL,60632,(773) 535-7237,http://schoolreports.cps.edu/SchoolProgressReport_Eng/Spring2011Eng_610317.pdf,Pershing Elementary Network,SOUTHWEST SIDE COLLABORATIVE,No,Standard,Not on Probation,Level 1,No,Average,55,NDA,NDA,Average,49,Average,43,Weak,NDA,NDA,NDA,NDA,NDA,NDA,NDA,96.30%,2.6,95.90%,100.00%,64.5,50,37.7,32.2,51.2,58.8,46.1,39.7,64.7,53.9,6,20.9,18.6,11.4,0.8,0.2,Green,Yellow,NDA,NDA,NDA,NDA,NDA,NDA,NDA,NDA,NDA,NDA,NDA,NDA,691,39,NDA,1159041.661,1879076.777,41.82391375,-87.69204069,58,BRIGHTON PARK,12,9,"(41.82391375, -87.69204069)"
610381,Bronzeville Scholastic Academy High School,HS,4934 S Wabash Ave,Chicago,IL,60615,(773) 535-1150,http://schoolreports.cps.edu/SchoolProgressReport_Eng/Spring2011Eng_610381.pdf,South Side High School Network,SOUTH SIDE COLLABORATIVE,No,Standard,Probation,Level 3,No,Average,41,Weak,38,Average,42,Average,43,Weak,32,Very Weak,15,Average,51,Weak,43,92.30%,16.2,95.60%,97.60%,NDA,NDA,NDA,NDA,NDA,NDA,NDA,NDA,NDA,NDA,NDA,NDA,,,,,NDA,NDA,NDA,NDA,14.3,13.8,15.3,15.7,1.4,16.3,1,14.7,85.3,73.2,550,42,71.1,1177513.255,1872170.444,41.80456384,-87.62448408,38,GRAND BOULEVARD,3,2,"(41.80456384, -87.62448408)"
609821,Burnham Elementary Inclusive Academy,ES,1903 E 96th St,Chicago,IL,60617,(773) 535-6530,http://schoolreports.cps.edu/SchoolProgressReport_Eng/Spring2011Eng_609821.pdf,Lake Calumet Elementary Network,FAR SOUTH SIDE COLLABORATIVE,Yes,Standard,Not on Probation,Level 1,No,Strong,61,Strong,77,Very Strong,85,Very Strong,99,Weak,65,Strong,71,Strong,54,Average,47,95.50%,29.4,96.90%,96.00%,75.9,65.1,59.1,43.6,61.1,79.6,77.2,58.7,57.5,65.5,8.7,26.1,36.5,22.0,1.3,0.6,Green,Yellow,NDA,NDA,NDA,NDA,NDA,NDA,NDA,NDA,NDA,NDA,NDA,NDA,286,47,NDA,1190566.496,1841647.953,41.72050221,-87.57759489,51,SOUTH DEERING,7,4,"(41.72050221, -87.57759489)"
609827,Burnside Elementary Scholastic Academy,ES,650 E 91st Pl,Chicago,IL,60619,(773) 535-3300,http://schoolreports.cps.edu/SchoolProgressReport_Eng/Spring2011Eng_609827.pdf,Skyway Elementary Network,SOUTH SIDE COLLABORATIVE,No,Standard,Probation,Level 2,No,Average,51,NDA,NDA,Average,58,Strong,70,Weak,NDA,NDA,NDA,Average,48,Average,47,94.90%,8.9,94.90%,100.00%,81.7,55.8,31.1,38.5,49.3,39.9,40.6,33,52.4,49.4,18.6,35.6,15.5,14.3,0.0,-0.4,Yellow,Yellow,20.9,NDA,NDA,NDA,NDA,NDA,NDA,NDA,NDA,NDA,NDA,NDA,766,45,NDA,1182385.651,1844494.844,41.72850759,-87.60747108,44,CHATHAM,6,6,"(41.72850759, -87.60747108)"
610353,Calmeca Academy of Fine Arts and Dual Language,ES,3456 W 38th St,Chicago,IL,60632,(773) 535-7000,http://schoolreports.cps.edu/SchoolProgressReport_Eng/Spring2011Eng_610353.pdf,Pershing Elementary Network,SOUTHWEST SIDE COLLABORATIVE,No,Track_E,Not on Probation,Level 2,Yes,Average,58,Strong,67,Average,59,Strong,72,Weak,64,Average,55,Average,51,Strong,57,96.50%,1.9,96.90%,100.00%,47,NDA,44.2,23.9,52.8,64.5,35.8,26.6,49.8,49.3,16.1,21,13.9,10.3,-0.7,1.5,Red,Green,NDA,NDA,NDA,NDA,NDA,NDA,NDA,NDA,NDA,NDA,NDA,NDA,792,39,NDA,1153706.842,1879216.756,41.82440547,-87.71160875,58,BRIGHTON PARK,12,9,"(41.82440547, -87.71160875)"
609729,Carl Schurz High School,HS,3601 N Milwaukee Ave,Chicago,IL,60641,(773) 534-3420,http://schoolreports.cps.edu/SchoolProgressReport_Eng/Spring2011Eng_609729.pdf,North-Northwest Side High School Network,NORTH-NORTHWEST SIDE COLLABORATIVE,No,Standard,Probation,Level 3,No,Average,48,Weak,36,Weak,36,Weak,29,Weak,30,Weak,31,NDA,NDA,NDA,NDA,81.20%,13.8,96.00%,98.90%,NDA,NDA,NDA,NDA,NDA,NDA,NDA,NDA,NDA,NDA,NDA,NDA,,,,,NDA,NDA,NDA,NDA,13.1,12.9,14.3,14,0.9,15.6,1.3,9.7,62.1,40.4,2366,29,61.6,1146851.198,1923627.843,41.94640794,-87.73562542,16,IRVING PARK,38,17,"(41.94640794, -87.73562542)"
610039,Carl von Linne Elementary School,ES,3221 N Sacramento Ave,Chicago,IL,60618,(773) 534-5262,http://schoolreports.cps.edu/SchoolProgressReport_Eng/Spring2011Eng_610039.pdf,Fullerton Elementary Network,NORTH-NORTHWEST SIDE COLLABORATIVE,No,Standard,Not on Probation,Level 1,No,Strong,68,Average,49,Strong,66,Strong,75,Weak,37,Average,44,Average,50,Strong,55,95.80%,1.8,96.30%,100.00%,66.1,41.2,40.2,29.7,51.3,72,49.4,44.2,64.4,67.6,20.4,40.7,24.8,15.1,1.2,0.9,Green,Green,48.2,24,NDA,NDA,NDA,NDA,NDA,NDA,NDA,NDA,NDA,NDA,644,31,NDA,1155853.119,1921364.031,41.94001885,-87.70259825,21,AVONDALE,33,17,"(41.94001885, -87.70259825)"
610238,Carrie Jacobs Bond Elementary School,ES,7050 S May St,Chicago,IL,60621,(773) 535-3480,http://schoolreports.cps.edu/SchoolProgressReport_Eng/Spring2011Eng_610238.pdf,Englewood-Gresham Elementary Network,SOUTHWEST SIDE COLLABORATIVE,No,Track_E,Probation,Level 2,No,Average,54,Average,49,Strong,67,Strong,63,Weak,39,Weak,32,Average,53,Average,52,91.70%,18.8,94.30%,96.90%,NDA,56.5,34,16.1,41.7,48.3,41.3,23.8,65.8,52.8,7.7,11.5,7.9,5.6,-0.2,0.9,Yellow,Yellow,NDA,NDA,NDA,NDA,NDA,NDA,NDA,NDA,NDA,NDA,NDA,NDA,343,45,NDA,1169836.444,1857831.503,41.76538639,-87.65305514,68,ENGLEWOOD,17,7,"(41.76538639, -87.65305514)"
609839,Carroll-Rosenwald Specialty Elementary School,ES,2929 W 83rd St,Chicago,IL,60652,(773) 535-9414,http://schoolreports.cps.edu/SchoolProgressReport_Eng/Spring2011Eng_609839.pdf,Midway Elementary Network,SOUTHWEST SIDE COLLABORATIVE,No,Track_E,Not on Probation,Level 2,No,Weak,35,NDA,NDA,Very Weak,12,Very Weak,12,Weak,NDA,NDA,NDA,Average,48,Average,47,94.80%,27.8,95.60%,100.00%,63.1,47.5,26.7,29.4,52,38.4,37.1,27.7,45.1,43.5,13.8,30,11.8,9.1,-0.6,0.6,Red,Yellow,10.3,NDA,NDA,NDA,NDA,NDA,NDA,NDA,NDA,NDA,NDA,NDA,537,43,NDA,1158181.605,1849398.280,41.74248931,-87.69600300,70,ASHBURN,18,8,"(41.74248931, -87.696003)"
610345,Carter G Woodson South Elementary School,ES,4414 S Evans,Chicago,IL,60653,(773) 535-1280,http://schoolreports.cps.edu/SchoolProgressReport_Eng/Spring2011Eng_610345.pdf,Burnham Park Elementary Network,SOUTH SIDE COLLABORATIVE,No,Track_E,Probation,Level 3,No,Weak,26,Weak,27,Very Weak,2,Very Weak,1,Weak,30,Average,41,Weak,44,Average,47,91.90%,70.5,94.70%,98.40%,65.3,50.8,9.8,6.3,31.7,33.3,9.1,18.2,33.7,40.4,8,16,4.3,2.4,-0.7,-2.4,Yellow,Red,NDA,NDA,NDA,NDA,NDA,NDA,NDA,NDA,NDA,NDA,NDA,NDA,329,40,NDA,1181853.018,1875820.129,41.81447955,-87.60845505,38,GRAND BOULEVARD,3,2,"(41.81447955, -87.60845505)"
610148,Cesar E Chavez Multicultural Academic Center Elementary School,ES,4747 S Marshfield Ave,Chicago,IL,60609,(773) 535-4600,http://schoolreports.cps.edu/SchoolProgressReport_Eng/Spring2011Eng_610148.pdf,Pershing Elementary Network,SOUTHWEST SIDE COLLABORATIVE,No,Track_E,Not on Probation,Level 1,No,Average,54,Average,52,Strong,63,Average,52,Weak,57,Average,50,Weak,45,Average,51,95.10%,11.1,96.10%,100.00%,59.6,37.8,37.7,16.5,49.8,74.2,62.7,28,80.7,63.3,9.2,10.8,19.8,8.4,2.0,0.0,Green,Yellow,44.6,18.5,NDA,NDA,NDA,NDA,NDA,NDA,NDA,NDA,NDA,NDA,915,42,NDA,1166186.662,1873024.079,41.80715514,-87.66600055,61,NEW CITY,20,9,"(41.80715514, -87.66600055)"
609679,Charles Allen Prosser Career Academy High School,HS,2148 N Long Ave,Chicago,IL,60639,(773) 534-3200,http://schoolreports.cps.edu/SchoolProgressReport_Eng/Spring2011Eng_609679.pdf,North-Northwest Side High School Network,NORTH-NORTHWEST SIDE COLLABORATIVE,No,Standard,Not on Probation,Level 2,No,Average,59,Average,47,Average,53,Average,51,Weak,37,Average,44,Weak,46,Weak,45,86.00%,9.7,94.40%,99.40%,NDA,NDA,NDA,NDA,NDA,NDA,NDA,NDA,NDA,NDA,NDA,NDA,,,,,NDA,NDA,NDA,NDA,15.5,15.1,16.3,16.2,0.7,17.9,1.6,27.7,78.7,58,1415,29,79.4,1139989.443,1913970.649,41.92003613,-87.76108432,19,BELMONT CRAGIN,37,25,"(41.92003613, -87.76108432)"
610005,Charles Evans Hughes Elementary School,ES,4247 W 15th St,Chicago,IL,60623,(773) 534-1762,http://schoolreports.cps.edu/SchoolProgressReport_Eng/Spring2011Eng_610005.pdf,Austin-North Lawndale Elementary Network,WEST SIDE COLLABORATIVE,No,Track_E,Probation,Level 3,No,Average,42,NDA,NDA,Very Strong,82,Strong,72,Weak,NDA,NDA,NDA,NDA,NDA,NDA,NDA,94.40%,0.0,94.70%,100.00%,69.2,63.3,32.6,16.9,40.3,76,54.8,20.8,69.6,45.8,5.9,23.5,12.2,4.7,0.5,-1.0,Yellow,Yellow,NDA,NDA,NDA,NDA,NDA,NDA,NDA,NDA,NDA,NDA,NDA,NDA,315,36,NDA,1148118.259,1892326.805,41.86049033,-87.73177486,29,NORTH LAWNDALE,24,10,"(41.86049033, -87.73177486)"
609879,Charles Gates Dawes Elementary School,ES,3810 W 81st Pl,Chicago,IL,60652,(773) 535-2350,http://schoolreports.cps.edu/SchoolProgressReport_Eng/Spring2011Eng_609879.pdf,Midway Elementary Network,SOUTHWEST SIDE COLLABORATIVE,No,Standard,Not on Probation,Level 2,No,Average,44,Weak,38,Weak,27,Weak,30,Weak,60,Average,54,Average,50,Average,48,95.70%,35.6,95.60%,99.50%,54.3,24,39.9,42.9,66.9,76.5,52.3,56.2,70.1,65.3,19.8,35.5,23.1,13.6,0.5,0.3,Green,Yellow,NDA,NDA,NDA,NDA,NDA,NDA,NDA,NDA,NDA,NDA,NDA,NDA,1032,44,NDA,1152339.160,1850308.795,41.74510467,-87.71738613,70,ASHBURN,18,8,"(41.74510467, -87.71738613)"
609966,Charles G Hammond Elementary School,ES,2819 W 21st Pl,Chicago,IL,60623,(773) 535-4580,http://schoolreports.cps.edu/SchoolProgressReport_Eng/Spring2011Eng_609966.pdf,Pilsen-Little Village Elementary Network,WEST SIDE COLLABORATIVE,No,Track_E,Not on Probation,Level 2,No,Average,40,NDA,NDA,Average,41,Average,43,Weak,NDA,NDA,NDA,Weak,43,Weak,45,95.30%,8.5,95.20%,92.00%,77.4,NDA,27.4,24.8,62.4,53.7,38.1,28.8,60.2,59.8,12.8,5.3,10.1,5.8,0.5,0.2,Yellow,Yellow,25,NDA,NDA,NDA,NDA,NDA,NDA,NDA,NDA,NDA,NDA,NDA,446,39,NDA,1157809.015,1889554.623,41.85269133,-87.69627777,30,SOUTH LAWNDALE,12,10,"(41.85269133, -87.69627777)"
610366,Charles H Wacker Elementary School,ES,9746 S Morgan St,Chicago,IL,60643,(773) 535-2821,http://schoolreports.cps.edu/SchoolProgressReport_Eng/Spring2011Eng_610366.pdf,Rock Island Elementary Network,FAR SOUTH SIDE COLLABORATIVE,No,Standard,Probation,Level 2,No,Weak,32,NDA,NDA,Weak,34,Weak,32,Weak,NDA,NDA,NDA,Average,50,Weak,41,93.40%,11.5,93.40%,100.00%,64.5,53.9,20.8,31,34.8,40.6,66.7,60,85.7,67.2,7.7,23.1,17.4,15.9,1.8,0.0,Green,Yellow,NDA,NDA,NDA,NDA,NDA,NDA,NDA,NDA,NDA,NDA,NDA,NDA,246,49,NDA,1171336.009,1839924.624,41.71621480,-87.64808140,73,WASHINGTON HEIGHTS,21,22,"(41.7162148, -87.6480814)"
610030,Charles Kozminski Elementary Community Academy,ES,936 E 54th St,Chicago,IL,60615,(773) 535-0980,http://schoolreports.cps.edu/SchoolProgressReport_Eng/Spring2011Eng_610030.pdf,Burnham Park Elementary Network,SOUTH SIDE COLLABORATIVE,No,Track_E,Probation,Level 3,No,Weak,36,NDA,NDA,Weak,35,Average,40,Weak,NDA,NDA,NDA,Weak,39,Weak,42,92.00%,55.6,94.40%,100.00%,60,34.9,27.5,24.6,36.9,33.9,14.7,23.8,37.9,43.4,6.5,18.8,5.0,6.1,-1.2,-1.1,Red,Red,NDA,NDA,NDA,NDA,NDA,NDA,NDA,NDA,NDA,NDA,NDA,NDA,403,46,NDA,1183537.482,1869839.651,41.79802950,-87.60246287,41,HYDE PARK,4,2,"(41.7980295, -87.60246287)"
609996,Charles N Holden Elementary School,ES,1104 W 31st St,Chicago,IL,60608,(773) 535-7200,http://schoolreports.cps.edu/SchoolProgressReport_Eng/Spring2011Eng_609996.pdf,Pershing Elementary Network,SOUTHWEST SIDE COLLABORATIVE,No,Standard,Not on Probation,Level 2,No,Average,53,Average,44,Average,50,Weak,35,Weak,53,Average,51,Strong,54,Average,50,94.90%,4.7,96.00%,100.00%,53.2,NDA,33.9,26.1,49.2,45.7,56.8,37.4,57.3,58.2,28,37.5,16.7,11.5,-0.8,0.0,Red,Yellow,NDA,NDA,NDA,NDA,NDA,NDA,NDA,NDA,NDA,NDA,NDA,NDA,600,40,NDA,1169423.887,1884309.813,41.83805473,-87.65380002,60,BRIDGEPORT,11,9,"(41.83805473, -87.65380002)"
609833,Charles P Caldwell Academy of Math & Science Elementary School,ES,8546 S Cregier,Chicago,IL,60617,(773) 535-6300,http://schoolreports.cps.edu/SchoolProgressReport_Eng/Spring2011Eng_609833.pdf,Skyway Elementary Network,SOUTH SIDE COLLABORATIVE,No,Track_E,Probation,Level 3,No,Weak,25,Weak,31,Average,40,Average,44,Weak,28,Weak,25,Weak,44,Average,47,92.70%,30.7,94.70%,100.00%,60.6,67.6,25.3,23.4,54,38.2,42.7,26.5,52.8,48.1,4.8,14.3,10.9,6.8,0.9,-0.1,Green,Yellow,NDA,NDA,NDA,NDA,NDA,NDA,NDA,NDA,NDA,NDA,NDA,NDA,291,47,NDA,1189641.205,1848463.627,41.73922735,-87.58076569,45,AVALON PARK,8,4,"(41.73922735, -87.58076569)"
609732,Charles P Steinmetz Academic Centre High School,HS,3030 N Mobile Ave,Chicago,IL,60634,(773) 534-3030,http://schoolreports.cps.edu/SchoolProgressReport_Eng/Spring2011Eng_609732.pdf,North-Northwest Side High School Network,NORTH-NORTHWEST SIDE COLLABORATIVE,No,Standard,Probation,Level 3,No,Weak,26,Weak,35,Weak,29,Weak,34,Weak,36,Weak,32,NDA,NDA,NDA,NDA,79.20%,30.4,96.20%,99.60%,NDA,NDA,NDA,NDA,NDA,NDA,NDA,NDA,NDA,NDA,NDA,NDA,,,,,NDA,NDA,NDA,NDA,13,13.8,13.8,14.3,1.3,16.1,2.3,16.3,56.7,47,1890,30,70.3,1133838.348,1919613.694,41.93563171,-87.78355194,19,BELMONT CRAGIN,36,25,"(41.93563171, -87.78355194)"
609875,Charles R Darwin Elementary School,ES,3116 W Belden Ave,Chicago,IL,60647,(773) 534-4110,http://schoolreports.cps.edu/SchoolProgressReport_Eng/Spring2011Eng_609875.pdf,Fullerton Elementary Network,NORTH-NORTHWEST SIDE COLLABORATIVE,No,Standard,Not on Probation,Level 2,No,Average,58,Average,40,Average,44,Weak,34,Weak,31,Average,46,Average,49,Strong,54,95.60%,33.8,96.20%,100.00%,50.3,35.6,37.7,33.5,59.6,68.5,29.6,36.1,60.6,51.2,16.7,19.2,16.0,6.9,-0.2,-0.8,Yellow,Red,21,50,NDA,NDA,NDA,NDA,NDA,NDA,NDA,NDA,NDA,NDA,622,35,NDA,1155126.902,1915284.203,41.92334998,-87.70543099,22,LOGAN SQUARE,26,14,"(41.92334998, -87.70543099)"
609986,Charles R Henderson Elementary School,ES,5650 S Wolcott Ave,Chicago,IL,60636,(773) 535-9080,http://schoolreports.cps.edu/SchoolProgressReport_Eng/Spring2011Eng_609986.pdf,Englewood-Gresham Elementary Network,SOUTHWEST SIDE COLLABORATIVE,No,Track_E,Probation,Level 3,No,Very Weak,16,NDA,NDA,Weak,32,Weak,38,Weak,NDA,NDA,NDA,Weak,46,Weak,44,89.20%,80.6,93.60%,100.00%,38.8,23.1,21.6,18,52.8,55.9,18.8,14.4,60.6,45.3,4.4,17.8,4.8,2.6,-0.1,-0.6,Yellow,Yellow,8.2,NDA,NDA,NDA,NDA,NDA,NDA,NDA,NDA,NDA,NDA,NDA,407,43,NDA,1164617.918,1866985.258,41.79061716,-87.67192466,67,WEST ENGLEWOOD,15,7,"(41.79061716, -87.67192466)"
609813,Charles S Brownell Elementary School,ES,6741 S Michigan Ave,Chicago,IL,60637,(773) 535-3030,http://schoolreports.cps.edu/SchoolProgressReport_Eng/Spring2011Eng_609813.pdf,Skyway Elementary Network,SOUTH SIDE COLLABORATIVE,No,Track_E,Not on Probation,Level 2,No,Weak,20,Very Weak,16,Strong,79,Very Strong,82,Weak,20,Very Weak,19,Average,48,Weak,46,92.80%,14.1,95.50%,100.00%,NDA,NDA,24.3,17,38.8,63.1,36.8,32.4,67.6,47.2,NDA,NDA,12.9,8.8,1.5,-0.4,Green,Yellow,NDA,NDA,NDA,NDA,NDA,NDA,NDA,NDA,NDA,NDA,NDA,NDA,310,42,NDA,1178368.986,1860177.542,41.77163474,-87.62170972,69,GREATER GRAND CROSSING,20,3,"(41.77163474, -87.62170972)"
609883,Charles S Deneen Elementary School,ES,7240 S Wabash Ave,Chicago,IL,60619,(773) 535-3035,http://schoolreports.cps.edu/SchoolProgressReport_Eng/Spring2011Eng_609883.pdf,AUSL Schools,SOUTH SIDE COLLABORATIVE,No,Track_E,Probation,Level 2,No,Average,55,Weak,33,Average,49,Average,51,Weak,15,Average,49,NDA,NDA,NDA,NDA,93.80%,39.5,97.10%,100.00%,45.9,NDA,20.6,18.4,51.8,44.3,20,26.8,61.3,54.4,2.2,4.4,9.4,6.8,2.8,-0.5,Green,Yellow,NDA,NDA,NDA,NDA,NDA,NDA,NDA,NDA,NDA,NDA,NDA,NDA,551,46,NDA,1177940.398,1856846.453,41.76250359,-87.62338156,69,GREATER GRAND CROSSING,6,3,"(41.76250359, -87.62338156)"
610194,Charles Sumner  Math & Science Community Acad Elementary School,ES,4320 W 5th Ave,Chicago,IL,60624,(773) 534-6730,http://schoolreports.cps.edu/SchoolProgressReport_Eng/Spring2011Eng_610194.pdf,Garfield-Humboldt Elementary Network,WEST SIDE COLLABORATIVE,No,Standard,Probation,Level 3,No,Average,41,Weak,27,Average,44,Average,48,Weak,30,Weak,34,Average,48,Weak,46,93.90%,12.3,96.90%,100.00%,49,NDA,28.4,33.1,50,54.7,31.9,36.3,59.3,47.4,15.6,11.1,13.1,9.7,-1.0,0.1,Red,Yellow,48.9,23.8,NDA,NDA,NDA,NDA,NDA,NDA,NDA,NDA,NDA,NDA,430,36,NDA,1147607.200,1896098.170,41.87084922,-87.73355414,26,WEST GARFIELD PARK,24,11,"(41.87084922, -87.73355414)"
609897,Charles W Earle Elementary School,ES,6121 S Hermitage Ave,Chicago,IL,60636,(773) 535-9130,http://schoolreports.cps.edu/SchoolProgressReport_Eng/Spring2011Eng_609897.pdf,Englewood-Gresham Elementary Network,SOUTHWEST SIDE COLLABORATIVE,No,Track_E,Probation,Level 2,No,Weak,24,NDA,NDA,Strong,62,Strong,71,Weak,NDA,NDA,NDA,Average,53,Average,48,93.80%,16.9,94.60%,100.00%,37.5,36.8,44.1,20.8,56.1,73.8,38.6,25,59.4,50.7,12,20,9.8,5.6,1.1,-0.6,Green,Yellow,NDA,NDA,NDA,NDA,NDA,NDA,NDA,NDA,NDA,NDA,NDA,NDA,331,43,NDA,1165772.423,1863964.038,41.78230211,-87.66777712,67,WEST ENGLEWOOD,15,7,"(41.78230211, -87.66777712)"
610248,Chicago Academy Elementary School,ES,3400 N Austin Ave,Chicago,IL,60634,(773) 534-0146,http://schoolreports.cps.edu/SchoolProgressReport_Eng/Spring2011Eng_610248.pdf,AUSL Schools,NORTH-NORTHWEST SIDE COLLABORATIVE,Yes,Standard,Not on Probation,Level 1,No,Strong,66,NDA,NDA,Average,40,Weak,22,Weak,NDA,NDA,NDA,Average,47,Average,51,96.30%,6.0,96.10%,100.00%,NDA,NDA,66.3,62.6,66.7,68.8,62.9,64.9,57.5,62.4,26.7,46.7,41.9,30.3,-0.1,1.8,Yellow,Green,50,53.8,NDA,NDA,NDA,NDA,NDA,NDA,NDA,NDA,NDA,NDA,601,30,NDA,1135740.091,1922002.941,41.94215439,-87.77650575,17,DUNNING,38,16,"(41.94215439, -87.77650575)"
610340,Chicago Academy High School,HS,3400 N Austin Ave,Chicago,IL,60634,(773) 534-0146,http://schoolreports.cps.edu/SchoolProgressReport_Eng/Spring2011Eng_610340.pdf,AUSL Schools,NORTH-NORTHWEST SIDE COLLABORATIVE,No,Standard,Not on Probation,Level 2,No,Average,58,Weak,35,Average,57,Average,53,Weak,56,Average,57,NDA,NDA,NDA,NDA,93.10%,6.3,96.10%,97.10%,NDA,NDA,NDA,NDA,NDA,NDA,NDA,NDA,NDA,NDA,NDA,NDA,,,,,NDA,NDA,NDA,NDA,14.6,14.4,16.3,16.1,1.5,18.4,2.1,23.9,70.1,64.2,502,30,80.6,1135740.091,1922002.941,41.94215439,-87.77650575,17,DUNNING,38,16,"(41.94215439, -87.77650575)"
609753,Chicago High School for Agricultural Sciences,HS,3857 W 111th St,Chicago,IL,60655,(773) 535-2500,http://schoolreports.cps.edu/SchoolProgressReport_Eng/Spring2011Eng_609753.pdf,Far South Side High School Network,FAR SOUTH SIDE COLLABORATIVE,No,Track_E,Not on Probation,Level 1,No,Very Strong,87,Strong,77,Average,49,Average,47,Weak,57,Average,40,Average,52,Strong,55,92.80%,5.2,95.20%,96.80%,NDA,NDA,NDA,NDA,NDA,NDA,NDA,NDA,NDA,NDA,NDA,NDA,,,,,NDA,NDA,NDA,NDA,16.1,16.5,16.9,17.4,1.3,20.4,3.5,30.7,70.7,79.6,579,49,88.1,1152383.425,1830663.647,41.69119388,-87.71773863,74,MOUNT GREENWOOD,19,22,"(41.69119388, -87.71773863)"
609754,Chicago Military Academy High School,HS,3519 S Giles Ave,Chicago,IL,60653,(773) 534-9750,http://schoolreports.cps.edu/SchoolProgressReport_Eng/Spring2011Eng_609754.pdf,South Side High School Network,SOUTH SIDE COLLABORATIVE,No,Standard,Not on Probation,Level 2,No,Weak,32,NDA,NDA,Weak,23,Weak,35,Weak,NDA,NDA,NDA,NDA,NDA,NDA,NDA,90.30%,28.2,95.60%,100.00%,NDA,NDA,NDA,NDA,NDA,NDA,NDA,NDA,NDA,NDA,NDA,NDA,,,,,NDA,NDA,NDA,NDA,14.8,14.4,15.2,15.6,0.8,17.4,2.2,24.4,83.6,69.3,483,40,88.1,1178881.169,1881647.166,41.83053768,-87.61917837,35,DOUGLAS,2,2,"(41.83053768, -87.61917837)"
609674,Chicago Vocational Career Academy High School,HS,2100 E 87th St,Chicago,IL,60617,(773) 535-6100,http://schoolreports.cps.edu/SchoolProgressReport_Eng/Spring2011Eng_609674.pdf,South Side High School Network,SOUTH SIDE COLLABORATIVE,No,Standard,Probation,Level 3,No,Weak,27,Average,43,Weak,21,Weak,30,Weak,34,Weak,39,NDA,NDA,NDA,NDA,68.80%,33.3,94.60%,99.10%,NDA,NDA,NDA,NDA,NDA,NDA,NDA,NDA,NDA,NDA,NDA,NDA,,,,,NDA,NDA,NDA,NDA,12.5,12.6,13.8,13.2,0.7,14.3,0.5,7,49.5,54,833,47,44.1,1191700.593,1847743.551,41.73720173,-87.57324389,45,AVALON PARK,8,4,"(41.73720173, -87.57324389)"
609899,Christian Ebinger Elementary School,ES,7350 W Pratt Ave,Chicago,IL,60631,(773) 534-1070,http://schoolreports.cps.edu/SchoolProgressReport_Eng/Spring2011Eng_609899.pdf,O'Hare Elementary Network,NORTH-NORTHWEST SIDE COLLABORATIVE,Yes,Standard,Not on Probation,Level 1,No,Strong,78,Strong,72,Strong,66,Average,50,Weak,26,Strong,62,Average,52,Weak,43,95.90%,9.3,95.20%,97.00%,84.7,61.5,81.2,68.5,63.3,82.2,77.4,69.4,56.8,70.1,34.5,53.4,50.6,40.2,0.5,1.4,Green,Green,NDA,NDA,NDA,NDA,NDA,NDA,NDA,NDA,NDA,NDA,NDA,NDA,650,30,NDA,1126172.537,1944639.095,42.00443557,-87.81116435,9,EDISON PARK,41,16,"(42.00443557, -87.81116435)"
609705,Christian Fenger Academy High School,HS,11220 S Wallace St,Chicago,IL,60628,(773) 535-5430,http://schoolreports.cps.edu/SchoolProgressReport_Eng/Spring2011Eng_609705.pdf,Far South Side High School Network,FAR SOUTH SIDE COLLABORATIVE,No,Track_E,Probation,Level 3,No,Weak,36,Weak,28,Average,41,Weak,32,Weak,46,Average,42,NDA,NDA,NDA,NDA,74.40%,49.8,95.40%,100.00%,NDA,NDA,NDA,NDA,NDA,NDA,NDA,NDA,NDA,NDA,NDA,NDA,,,,,NDA,NDA,NDA,NDA,12,12.1,12.9,13.3,1.3,14,1.1,11.3,34.8,36.7,688,48,68.2,1174272.711,1830372.910,41.68993885,-87.63760833,49,ROSELAND,34,22,"(41.68993885, -87.63760833)"
609863,Christopher Columbus Elementary School,ES,1003 N Leavitt St,Chicago,IL,60622,(773) 534-4350,http://schoolreports.cps.edu/SchoolProgressReport_Eng/Spring2011Eng_609863.pdf,Fulton Elementary Network,WEST SIDE COLLABORATIVE,Yes,Standard,Not on Probation,Level 1,No,Strong,66,NDA,NDA,Average,57,Average,55,Weak,NDA,NDA,NDA,Strong,54,Average,48,95.50%,2.4,96.90%,92.60%,77,72.3,59.2,48.7,57.7,62.5,76.2,56.9,78.8,63,40,45,42.0,30.5,1.1,1.6,Green,Green,NDA,NDA,NDA,NDA,NDA,NDA,NDA,NDA,NDA,NDA,NDA,NDA,309,35,NDA,1161595.965,1906670.676,41.89958139,-87.68190167,24,WEST TOWN,32,13,"(41.89958139, -87.68190167)"
609790,Clara Barton Elementary School,ES,7650 S Wolcott Ave,Chicago,IL,60620,(773) 535-3260,http://schoolreports.cps.edu/SchoolProgressReport_Eng/Spring2011Eng_609790.pdf,Englewood-Gresham Elementary Network,SOUTHWEST SIDE COLLABORATIVE,No,Track_E,Probation,Level 3,No,Weak,25,Average,42,Weak,28,Weak,34,Weak,77,Average,59,Average,51,Average,49,91.70%,25.3,96.40%,100.00%,64.3,NDA,27,22.8,51.8,55.3,27.4,22.4,45.3,52.9,6.5,13,8.1,5.7,-0.5,-0.3,Yellow,Yellow,60,3.8,NDA,NDA,NDA,NDA,NDA,NDA,NDA,NDA,NDA,NDA,602,43,NDA,1164981.896,1853724.297,41.75421962,-87.67096453,71,AUBURN GRESHAM,18,6,"(41.75421962, -87.67096453)"
610347,Claremont Academy Elementary School,ES,2300 W 64th St,Chicago,IL,60636,(773) 535-8110,http://schoolreports.cps.edu/SchoolProgressReport_Eng/Spring2011Eng_610347.pdf,Midway Elementary Network,SOUTHWEST SIDE COLLABORATIVE,No,Track_E,Probation,Level 2,No,Weak,36,Weak,33,Average,50,Average,51,Weak,62,Average,59,Weak,46,Average,52,92.50%,64.2,96.20%,100.00%,58.7,60.5,40.9,22.5,52.3,66.9,46,31.7,72.5,61,14.9,14.9,12.1,8.1,0.3,0.7,Yellow,Yellow,NDA,NDA,NDA,NDA,NDA,NDA,NDA,NDA,NDA,NDA,NDA,NDA,531,43,NDA,1162155.645,1862200.052,41.77753754,-87.68108634,66,CHICAGO LAWN,15,8,"(41.77753754, -87.68108634)"
610499,Collins Academy High School,HS,1313 S Sacramento Dr,Chicago,IL,60623,(773) 534-1840,http://schoolreports.cps.edu/SchoolProgressReport_Eng/Spring2011Eng_610499.pdf,AUSL Schools,WEST SIDE COLLABORATIVE,No,Standard,Not on Probation,Level 2,No,Strong,60,Average,42,Average,51,Average,46,Weak,47,Average,48,Strong,54,Strong,56,91.40%,2.9,96.60%,98.70%,NDA,NDA,NDA,NDA,NDA,NDA,NDA,NDA,NDA,NDA,NDA,NDA,,,,,NDA,NDA,NDA,NDA,12.5,12.5,14.2,14.1,1.6,15.6,1.4,20.5,NDA,NDA,409,37,70.4,1156217.240,1893722.861,41.86416169,-87.70200761,29,NORTH LAWNDALE,24,10,"(41.86416169, -87.70200761)"
610170,Columbia Explorers Elementary Academy,ES,4520 S Kedzie Ave,Chicago,IL,60632,(773) 535-4050,http://schoolreports.cps.edu/SchoolProgressReport_Eng/Spring2011Eng_610170.pdf,Pershing Elementary Network,SOUTHWEST SIDE COLLABORATIVE,No,Track_E,Not on Probation,Level 2,No,Average,59,Strong,64,Average,59,Strong,63,Weak,65,Strong,72,Average,52,Strong,55,95.40%,8.9,97.10%,100.00%,67.6,30.5,27.4,32.5,44.4,48.7,41.6,49.3,52.8,59.6,17.7,27.8,17.1,13.8,0.8,1.5,Green,Green,NDA,NDA,NDA,NDA,NDA,NDA,NDA,NDA,NDA,NDA,NDA,NDA,1038,39,NDA,1155752.301,1874367.234,41.81105689,-87.70423481,58,BRIGHTON PARK,14,8,"(41.81105689, -87.70423481)"
610004,Countee Cullen Elementary School,ES,10650 S Eberhart Ave,Chicago,IL,60628,(773) 535-5375,http://schoolreports.cps.edu/SchoolProgressReport_Eng/Spring2011Eng_610004.pdf,Rock Island Elementary Network,FAR SOUTH SIDE COLLABORATIVE,No,Track_E,Probation,Level 3,No,Very Weak,14,NDA,NDA,Weak,28,Weak,34,Weak,NDA,NDA,NDA,NDA,NDA,NDA,NDA,94.10%,36.9,96.30%,100.00%,71.9,71.4,24.4,28.9,55.3,68.2,26.8,25.9,56.2,45.8,9.5,4.8,9.7,8.1,-1.8,-1.7,Red,Red,NDA,NDA,NDA,NDA,NDA,NDA,NDA,NDA,NDA,NDA,NDA,NDA,233,48,NDA,1181431.470,1834229.814,41.70036107,-87.61128176,49,ROSELAND,9,5,"(41.70036107, -87.61128176)"
609781,Crispus Attucks Elementary School,ES,5055 S State St,Chicago,IL,60609,(773) 535-1270,http://schoolreports.cps.edu/SchoolProgressReport_Eng/Spring2011Eng_609781.pdf,Burnham Park Elementary Network,SOUTH SIDE COLLABORATIVE,No,Standard,Probation,Level 3,No,Average,45,Strong,76,Strong,64,Average,57,Weak,81,Very Strong,85,NDA,NDA,NDA,NDA,95.20%,12.5,93.50%,100.00%,64.7,66.7,25.3,9.9,42.4,53.5,16,16.5,53.3,32.4,3.1,9.4,7.6,10.0,-0.3,-2.0,Yellow,Red,NDA,NDA,NDA,NDA,NDA,NDA,NDA,NDA,NDA,NDA,NDA,NDA,274,42,NDA,1177176.077,1871285.644,41.80214349,-87.62574740,38,GRAND BOULEVARD,3,2,"(41.80214349, -87.6257474)"
609873,Crown Community Academy of Fine Arts Center Elementary School,ES,2128 S Saint Louis Ave,Chicago,IL,60623,(773) 534-1680,http://schoolreports.cps.edu/SchoolProgressReport_Eng/Spring2011Eng_609873.pdf,Austin-North Lawndale Elementary Network,WEST SIDE COLLABORATIVE,No,Track_E,Probation,Level 2,No,Weak,27,Weak,39,Average,51,Average,52,Weak,45,Weak,31,Average,49,Average,51,92.50%,100.5,96.70%,100.00%,51.6,38,12.5,16.1,35.2,38.7,36.7,28.1,64.3,56.6,3.4,6.9,3.9,8.8,-0.3,1.0,Yellow,Yellow,13.3,NDA,NDA,NDA,NDA,NDA,NDA,NDA,NDA,NDA,NDA,NDA,298,37,NDA,1153387.649,1889511.387,41.85266155,-87.71250680,29,NORTH LAWNDALE,24,10,"(41.85266155, -87.7125068)"
610063,Cyrus H McCormick Elementary School,ES,2712 S Sawyer Ave,Chicago,IL,60623,(773) 535-7252,http://schoolreports.cps.edu/SchoolProgressReport_Eng/Spring2011Eng_610063.pdf,Pilsen-Little Village Elementary Network,WEST SIDE COLLABORATIVE,No,Track_E,Not on Probation,Level 1,Yes,NDA,,Strong,60,NDA,,NDA,,Weak,61,Average,54,Average,52,Strong,56,95.90%,4.7,95.90%,100.00%,55.3,39.4,42.1,22.6,43.9,54.2,NDA,NDA,NDA,NDA,NDA,NDA,25.2,10.3,-0.2,0.5,Yellow,Yellow,NDA,NDA,NDA,NDA,NDA,NDA,NDA,NDA,NDA,NDA,NDA,NDA,894,37,NDA,1155096.537,1885727.878,41.84224508,-87.70633600,30,SOUTH LAWNDALE,22,10,"(41.84224508, -87.706336)"
609804,Daniel Boone Elementary School,ES,6710 N Washtenaw Ave,Chicago,IL,60645,(773) 534-2160,http://schoolreports.cps.edu/SchoolProgressReport_Eng/Spring2011Eng_609804.pdf,Ravenswood-Ridge Elementary Network,NORTH-NORTHWEST SIDE COLLABORATIVE,No,Standard,Not on Probation,Level 1,No,Average,52,Average,50,Average,47,Average,48,Weak,45,Average,53,Average,50,Average,49,95.50%,10.5,95.40%,97.60%,65,43,39.7,33.2,55.4,61.8,43.1,35.2,56.3,42.3,22.5,35,22.0,17.6,1.1,1.9,Green,Green,NDA,NDA,NDA,NDA,NDA,NDA,NDA,NDA,NDA,NDA,NDA,NDA,752,32,NDA,1157068.657,1944483.472,42.00343519,-87.69750011,2,WEST RIDGE,50,24,"(42.00343519, -87.69750011)"
610083,Daniel C Beard Elementary School,ES,6445 W Strong St,Chicago,IL,60656,(773) 534-1228,http://schoolreports.cps.edu/SchoolProgressReport_Eng/Spring2011Eng_610083.pdf,O'Hare Elementary Network,NORTH-NORTHWEST SIDE COLLABORATIVE,NDA,Track_E,Not Applicable,Not Enough Data,No,NDA,,NDA,NDA,NDA,,NDA,,Weak,NDA,NDA,NDA,Strong,57,Strong,58,91.90%,0.0,94.30%,100.00%,NDA,NDA,NDA,NDA,NDA,NDA,NDA,NDA,NDA,NDA,NDA,NDA,,,,,NDA,NDA,NDA,NDA,NDA,NDA,NDA,NDA,NDA,NDA,NDA,NDA,NDA,NDA,160,30,NDA,1132103.024,1932162.514,41.97009738,-87.78963691,10,NORWOOD PARK,41,16,"(41.97009738, -87.78963691)"
610380,Daniel Hale Williams Prep School of Medicine,HS,4934 S Wabash Ave,Chicago,IL,60615,(773) 535-1120,http://schoolreports.cps.edu/SchoolProgressReport_Eng/Spring2011Eng_610380.pdf,South Side High School Network,SOUTH SIDE COLLABORATIVE,No,Standard,Not on Probation,Level 2,No,Average,50,NDA,NDA,Average,45,Average,54,Weak,NDA,NDA,NDA,NDA,NDA,NDA,NDA,91.30%,5.4,96.70%,100.00%,NDA,NDA,NDA,NDA,NDA,NDA,54.5,63.8,55.8,58.5,21.4,33.3,23.7,8.5,-0.9,-1.8,Yellow,Red,64.1,25,15,15.1,15.8,15.4,0.4,17.5,1.7,32.7,NDA,NDA,324,42,90.1,1177513.255,1872170.444,41.80456384,-87.62448408,38,GRAND BOULEVARD,3,2,"(41.80456384, -87.62448408)"
